id,cnY
PD40521aa,none
PD40521ab,none
PD40521ac,none
PD40521ad,none
PD40521ae,none
PD40521af,none
PD40521ag,none
PD40521ah,none
PD40521ai,none
PD40521aj,none
PD40521ak,none
PD40521al,none
PD40521am,none
PD40521an,none
PD40521ao,none
PD40521ap,none
PD40521aq,none
PD40521ar,none
PD40521as,none
PD40521at,none
PD40521au,none
PD40521av,none
PD40521aw,none
PD40521ax,none
PD40521ay,none
PD40521az,none
PD40521ba,none
PD40521bb,none
PD40521bc,none
PD40521bd,none
PD40521be,none
PD40521bf,none
PD40521bg,none
PD40521bh,none
PD40521bi,none
PD40521bj,none
PD40521bk,none
PD40521bl,none
PD40521bm,none
PD40521bn,none
PD40521bo,none
PD40521bp,none
PD40521bq,none
PD40521br,none
PD40521bs,none
PD40521bt,none
PD40521bu,none
PD40521bv,none
PD40521bw,none
PD40521bx,none
PD40521by,none
PD40521bz,none
PD40521ca,none
PD40521cb,none
PD40521cc,none
PD40521cd,none
PD40521ce,none
PD40521cf,none
PD40521cg,none
PD40521ch,none
PD40521ci,none
PD40521cj,none
PD40521ck,none
PD40521cl,none
PD40521cm,none
PD40521cn,none
PD40521co,none
PD40521cp,none
PD40521cq,none
PD40521cr,none
PD40521cs,none
PD40521ct,none
PD40521cu,none
PD40521cv,none
PD40521cw,none
PD40521cx,none
PD40521cy,none
PD40521cz,none
PD40521da,none
PD40521db,none
PD40521dc,none
PD40521dd,none
PD40521de,none
PD40521df,none
PD40521dg,none
PD40521dh,none
PD40521di,none
PD40521dj,none
PD40521dk,none
PD40521dl,none
PD40521dm,none
PD40521dn,none
PD40521do,none
PD40521dp,none
PD40521dq,none
PD40521dr,none
PD40521ds,none
PD40521dt,none
PD40521du,none
PD40521dv,none
PD40521dw,none
PD40521dx,none
PD40521dy,none
PD40521dz,none
PD40521ea,none
PD40521eb,none
PD40521ec,none
PD40521ed,none
PD40521ee,none
PD40521ef,none
PD40521eg,none
PD40521eh,none
PD40521ei,none
PD40521ej,none
PD40521ek,none
PD40521el,none
PD40521em,none
PD40521en,none
PD40521eo,none
PD40521ep,none
PD40521eq,none
PD40521er,none
PD40521es,none
PD40521et,none
PD40521eu,none
PD40521ev,none
PD40521ew,none
PD40521ex,none
PD40521ey,none
PD40521ez,none
PD40521fa,none
PD40521fb,none
PD40521fc,none
PD40521fd,none
PD40521fe,none
PD40521ff,none
PD40521fg,none
PD40521fh,none
PD40521fi,none
PD40521fj,none
PD40521fk,none
PD40521fl,none
PD40521fm,none
PD40521fn,none
PD40521fo,none
PD40521fp,none
PD40521fq,none
PD40521fr,none
PD40521fs,none
PD40521ft,none
PD40521fu,none
PD40521fv,none
PD40521fw,none
PD40521fx,none
PD40521fy,none
PD40521fz,none
PD40521ga,none
PD40521gb,none
PD40521gc,none
PD40521gd,none
PD40521ge,none
PD40521gf,none
PD40521gg,none
PD40521gh,none
PD40521gi,none
PD40521gj,none
PD40521gk,none
PD40521gl,none
PD40521gm,none
PD40521gn,none
PD40521go,none
PD40521gp,none
PD40521gq,none
PD40521gr,none
PD40521gs,none
PD40521gt,none
PD40521gu,none
PD40521gv,none
PD40521gw,none
PD40521gx,none
PD40521gy,none
PD40521ha,none
PD40521hb,none
PD40521hc,none
PD40521hd,none
PD40521he,none
PD40521hf,none
PD40521hg,none
PD40521hh,none
PD40521hi,none
PD40521hj,none
PD40521hk,none
PD40521hl,none
PD40521hm,none
PD40521hn,none
PD40521ho,none
PD40521hp,none
PD40521hq,none
PD40521hr,none
PD40521hs,none
PD40521ht,none
PD40521hu,none
PD40521hv,none
PD40521hw,none
PD40521hx,none
PD40521hy,none
PD40521hz,none
PD40521ia,none
PD40521ib,none
PD40521ic,none
PD40521id,none
PD40521ie,none
PD40521if,none
PD40521ig,none
PD40521ih,none
PD40521ii,none
PD40521ij,none
PD40521ik,none
PD40521il,none
PD40521im,none
PD40521in,none
PD40521io,none
PD40521ip,none
PD40521iq,none
PD40521ir,none
PD40521is,none
PD40521it,none
PD40521iu,none
PD40521iv,none
PD40521iw,none
PD40521ix,none
PD40521iy,none
PD40521iz,none
PD40521ja,none
PD40521jb,none
PD40521jc,none
PD40521jd,none
PD40521je,none
PD40521jf,none
PD40521jg,none
PD40521jh,none
PD40521ji,none
PD40521jj,none
PD40521jk,none
PD40521jl,none
PD40521jm,none
PD40521jn,none
PD40521jo,none
PD40521jp,none
PD40521jq,none
PD40521jr,none
PD40521js,none
PD40521jt,none
PD40521ju,none
PD40521jv,none
PD40521jx,none
PD40521jy,none
PD40521jz,none
PD40521ka,none
PD40521kb,none
PD40521kc,none
PD40521kd,none
PD40521ke,none
PD40521kf,none
PD40521kg,none
PD40521kh,none
PD40521ki,none
PD40521kj,none
PD40521kk,none
PD40521kl,none
PD40521km,none
PD40521kn,none
PD40521ko,none
PD40521kp,none
PD40521kq,none
PD40521kr,none
PD40521ks,none
PD40521kt,none
PD40521ku,none
PD40521kv,none
PD40521kw,none
PD40521kx,none
PD40521ky,none
PD40521kz,none
PD40521la,none
PD40521lb,none
PD40521lc,none
PD40521ld,none
PD40521le,none
PD40521lf,none
PD40521lg,none
PD40521lh,none
PD40521li,none
PD40521lj,none
PD40521lk,none
PD40521ll,none
PD40521lm,none
PD40521ln,none
PD40521lo,none
PD40521lp,none
PD40521lq,none
PD40521lr,none
PD40521ls,none
PD40521lt,none
PD40521lu,none
PD40521lv,none
PD40521lw,none
PD40521lx,none
PD40521ly,none
PD40521lz,none
PD40521ma,none
PD40521mb,none
PD40521mc,none
PD40521md,none
PD40521me,none
PD40521mf,none
PD40521mg,none
PD40521mh,none
PD40521mi,none
PD40521mj,none
PD40521mk,none
PD40521ml,none
PD40521mm,none
PD40521mn,none
PD40521mo,none
PD40521mp,none
PD40521mq,none
PD40521mr,none
PD40521ms,none
PD40521mt,none
PD40521mu,none
PD40521mv,none
PD40521mw,none
PD40521mx,none
PD40521my,none
PD40521mz,none
PD40521na,none
PD40521nb,none
PD40521nc,none
PD40521nd,none
PD40521ne,none
PD40521nf,none
PD40521ng,none
PD40521nh,none
PD40521ni,none
PD40521nj,none
PD40521nk,none
PD40521nl,none
PD40521nm,none
PD40521n,none
PD40521nn,none
PD40521no,none
PD40521np,none
PD40521nq,none
PD40521nr,none
PD40521ns,none
PD40521nt,none
PD40521nu,none
PD40521nv,none
PD40521nw,none
PD40521nx,none
PD40521ny,none
PD40521nz,none
PD40521oa,none
PD40521ob,none
PD40521oc,none
PD40521od,none
PD40521oe,none
PD40521of,none
PD40521og,none
PD40521o,none
PD40521p,none
PD40521q,none
PD40521r,none
PD40521s,none
PD40521t,none
PD40521u,none
PD40521v,none
PD40521w,none
PD40521wt,none
PD40521wu,none
PD40521wv,none
PD40521ww,none
PD40521wx,none
PD40521wy,none
PD40521wz,none
PD40521xa,none
PD40521xb,none
PD40521xc,none
PD40521xd,none
PD40521xe,none
PD40521xf,none
PD40521xg,none
PD40521xh,none
PD40521xi,none
PD40521xj,none
PD40521xk,none
PD40521xl,none
PD40521xm,none
PD40521x,none
PD40521xn,none
PD40521xo,none
PD40521xp,none
PD40521xq,none
PD40521xr,none
PD40521y,none
PD40521z,none
PD40521gz,none