sample,SV
BMH1_TG001_3_P11_E03,del_6
BMH1_TG001_3_P12_G03,inv_3
BMH1_TG001_P31_F04,del_21
BMH1_TG001_P32_A04,inv_9
BMH1_TG001_P32_B03,inv_19
BMH1_TG001_P32_E08,del_11
PD40315bm,del_7
PD40521db,del_15
PD40521et,del_15
PD40521fs,del_15
PD40521fw,del_2
PD40521gi,dup_3
PD40521gz,del_2
PD40521ig,dup_12
PD40521jk,inv_13
PD40521ko,del_15
PD40521md,del_18
PD40521mg,dup_3
PD40521mh,inv_1
PD40521nf,del_2
PD40667ab,dup_10
PD40667ae,dup_10
PD40667ah,dup_10
PD40667ai,dup_10
PD40667am,dup_10
PD40667an,dup_10
PD40667ao,dup_10
PD40667ap,dup_10
PD40667aq,dup_10
PD40667au,dup_10
PD40667bb,dup_10
PD40667bc,dup_10
PD40667bd,dup_10
PD40667be,dup_10
PD40667bg,dup_10
PD40667bi,dup_10
PD40667bk,dup_10
PD40667bq,dup_10
PD40667bs,dup_10
PD40667bv,dup_10
PD40667bw,dup_10
PD40667bx,dup_10
PD40667cb,dup_10
PD40667cc,dup_10
PD40667cd,dup_10
PD40667ck,dup_10
PD40667cn,dup_10
PD40667cq,dup_10
PD40667cr,dup_10
PD40667ct,dup_10
PD40667d,dup_10
PD40667e,dup_10
PD40667f,dup_10
PD40667g,dup_10
PD40667go,dup_10
PD40667gq,dup_10
PD40667gr,dup_10
PD40667gt,dup_10
PD40667gu,dup_10
PD40667gv,dup_10
PD40667gy,dup_10
PD40667gz,dup_10
PD40667hc,dup_10
PD40667hd,dup_10
PD40667he,dup_10
PD40667hj,dup_10
PD40667hl,dup_10
PD40667hm,dup_10
PD40667hn,dup_10
PD40667hp,dup_10
PD40667ht,dup_10
PD40667hx,dup_10
PD40667hy,dup_10
PD40667i,dup_10
PD40667ia,dup_10
PD40667ic,dup_10
PD40667id,dup_10
PD40667ie,dup_10
PD40667ig,dup_10
PD40667ii,dup_10
PD40667ik,dup_10
PD40667iq,dup_10
PD40667it,dup_10
PD40667iw,dup_10
PD40667iz,dup_10
PD40667jc,dup_10
PD40667je,dup_10
PD40667jg,dup_10
PD40667jh,dup_10
PD40667ji,dup_10
PD40667jj,dup_10
PD40667jn,dup_10
PD40667jr,dup_10
PD40667js,dup_10
PD40667jt,dup_10
PD40667jw,dup_10
PD40667ka,dup_10
PD40667kb,dup_10
PD40667kc,dup_10
PD40667kd,dup_10
PD40667ke,dup_10
PD40667ki,dup_10
PD40667kl,dup_10
PD40667ko,dup_10
PD40667kq,dup_10
PD40667ks,dup_10
PD40667kt,dup_10
PD40667kx,dup_10
PD40667kz,dup_10
PD40667la,dup_10
PD40667lc,dup_10
PD40667lf,dup_10
PD40667lg,dup_10
PD40667lh,dup_10
PD40667lj,dup_10
PD40667lm,dup_10
PD40667lo,dup_10
PD40667lp,dup_10
PD40667lr,dup_10
PD40667lz,dup_10
PD40667mb,dup_10
PD40667mc,dup_10
PD40667mj,dup_10
PD40667mk,dup_10
PD40667ml,dup_10
PD40667mm,dup_10
PD40667mp,dup_10
PD40667mq,dup_10
PD40667mr,dup_10
PD40667mu,dup_10
PD40667mw,dup_10
PD40667mz,dup_10
PD40667n,dup_10
PD40667na,dup_10
PD40667nc,dup_10
PD40667nf,dup_10
PD40667nh,dup_10
PD40667ni,dup_10
PD40667nk,dup_10
PD40667nl,dup_10
PD40667np,dup_10
PD40667ns,dup_10
PD40667nt,dup_10
PD40667nu,dup_10
PD40667nv,dup_10
PD40667nw,dup_10
PD40667oa,dup_10
PD40667od,dup_10
PD40667oe,dup_10
PD40667of,dup_10
PD40667oi,dup_10
PD40667oj,dup_10
PD40667ok,dup_10
PD40667ol,dup_10
PD40667oo,dup_10
PD40667oq,dup_10
PD40667or,dup_10
PD40667ou,dup_10
PD40667ov,dup_10
PD40667ow,dup_10
PD40667ox,dup_10
PD40667oy,dup_10
PD40667p,dup_10
PD40667pa,dup_10
PD40667pe,dup_10
PD40667pf,dup_10
PD40667ph,dup_10
PD40667pi,dup_11
PD40667pi,dup_10
PD40667pj,dup_10
PD40667pm,dup_10
PD40667po,dup_10
PD40667pp,dup_10
PD40667pt,dup_10
PD40667pv,dup_10
PD40667px,dup_10
PD40667py,dup_10
PD40667qd,dup_10
PD40667qe,dup_10
PD40667qf,dup_10
PD40667qg,dup_10
PD40667qh,dup_10
PD40667qi,dup_10
PD40667qk,dup_10
PD40667ql,dup_10
PD40667qn,dup_10
PD40667qo,del_16
PD40667qo,dup_10
PD40667qp,dup_10
PD40667qq,dup_10
PD40667qr,dup_10
PD40667qs,dup_10
PD40667qw,dup_10
PD40667qz,dup_10
PD40667rb,dup_10
PD40667rc,dup_10
PD40667re,dup_10
PD40667rf,dup_10
PD40667rk,dup_10
PD40667rm,dup_10
PD40667rn,dup_10
PD40667ro,del_17
PD40667rp,dup_10
PD40667v,dup_10
PD40667w,del_16
PD40667w,dup_10
PD40667x,dup_10
PD40667y,dup_10
PD41048b_lo0054,dup_9
PD41048b_lo0165,dup_12
PD41048b_lo0192,del_X
PD41048b_lo0194,dup_12
PD41048b_lo0299,dup_3
PD41048b_lo0335,del_1
PD41048b_lo0403,dup_12
PD41048b_lo0414,dup_12
PD41048b_sc0004,del_X
PD41048b_sc0046,del_13
PD43974ag2,del_11
PD43974ah2,del_11
PD43974ai,del_11
PD43974am2,inv_4
PD43974ap2,del_11
PD43974as2,del_11
PD43974av,del_11
PD43974ay,del_11
PD43974az,del_11
PD43974b3,del_11
PD43974bd,del_11
PD43974bf,del_11
PD43974bm2,del_11
PD43974bn,del_11
PD43974bp2,del_11
PD43974bt,del_11
PD43974bv,del_11
PD43974bw3,del_11
PD43974c,del_7
PD43974cc2,del_2
PD43974ce,del_11
PD43974cf2,del_11
PD43974cg,del_11
PD43974ck2,del_11
PD43974co2,del_11
PD43974cp,del_11
PD43974ct2,del_11
PD43974e,del_11
PD43974ed,del_11
PD43974eg2,del_11
PD43974ei,del_11
PD43974em2,del_11
PD43974en,del_1
PD43974eo,del_11
PD43974ep,del_11
PD43974es2,del_11
PD43974et,del_11
PD43974eu2,del_11
PD43974ev,del_11
PD43974ey,del_11
PD43974f2,del_11
PD43974fa,del_11
PD43974fb,del_11
PD43974fe,del_11
PD43974fi,del_11
PD43974fj,del_11
PD43974fr,del_11
PD43974fz,del_11
PD43974ga,del_11
PD43974gc2,del_11
PD43974gf,del_11
PD43974gg,del_11
PD43974gh,del_11
PD43974gs,del_11
PD43974gv,del_11
PD43974h,del_2
PD43974hc,del_11
PD43974hd,del_11
PD43974hl,del_11
PD43974ho,del_11
PD43974i,del_11
PD43974id,del_11
PD43974ie,del_11
PD43974ih,del_11
PD43974ii,del_11
PD43974ij,del_7
PD43974ik,del_11
PD43974iu,del_11
PD43974iv,del_11
PD43974iw,del_11
PD43974ja,dup_11
PD43974ja,del_6
PD43974jc,del_11
PD43974jg,dup_1
PD43974jh,del_11
PD43974jk,del_11
PD43974jm,del_11
PD43974jr,del_11
PD43974js,del_15
PD43974jv,del_11
PD43974jz,del_11
PD43974k,del_11
PD43974kb,del_11
PD43974kc,del_11
PD43974kf,del_11
PD43974kh,del_11
PD43974kq,del_11
PD43974ks,del_11
PD43974kt,del_11
PD43974kv,del_11
PD43974kx,del_11
PD43974l,del_11
PD43974la,del_11
PD43974lc,del_11
PD43974lf,del_11
PD43974lh,del_11
PD43974ll,del_11
PD43974lt,del_11
PD43974lz,del_12
PD43974mj,del_11
PD43974mm,del_11
PD43974ng,del_11
PD43974nk,del_11
PD43974oo,del_11
PD43974op,del_11
PD43974ot,del_11
PD43974ou,del_11
PD43974ov,del_11
PD43974ox,del_11
PD43974pf,del_11
PD43974ph,del_11
PD43974pl,del_11
PD43974pm,del_11
PD43974ps,del_11
PD43974pt,del_11
PD43974pu,del_11
PD43974pv,del_11
PD43974pw,dup_10
PD43974t,del_11
PD43974y2,del_11
PD44579b_lo0099_2,inv_7
PD44579b_lo0107_2,del_2
PD44579b_lo0115_2,del_2
PD44579b_lo0175_2,inv_2
PD44579b_lo0181_2,del_18
PD44579b_lo0260,inv_6
PD44579b_lo0274,dup_2
PD45517b_lo0079,dup_1
PD45517b_lo0128,del_7
PD45517cp,del_18
PD45534bi,del_7
PD45534br,inv_2
PD45534db,trans_8_19
PD45534dn,del_4
PD45534dw,del_6
PD45534ie2,trans_1_6
PD45534jw2,del_X
PD45534ka2,inv_7
PD45534my2,inv_7
PD45534pe2,del_16
PD45534po2,inv_13
PD45534vh,inv_3
PD45534vr,dup_6
PD45534wk,del_7
PD45534wu,dup_13
PD45534xi,trans_5_20
PD45534ya,trans_7_13
PD47703b_lo0002,inv_12
PD47703b_lo0002,del_4
PD47703b_lo0003,inv_12
PD47703b_lo0003,del_4
PD47703b_lo0012,del_3
PD47703b_lo0025,del_10
PD47703b_lo0025,inv_8
PD47703b_lo0025,dup_9
PD47703b_lo0025,dup_14
PD47703b_lo0033,del_19
PD47703b_lo0033,del_13
PD47703b_lo0033,del_13
PD47703b_lo0034,del_16
PD47703b_lo0035,del_3
PD47703b_lo0051,del_3
PD47703b_lo0057,inv_13
PD47703b_lo0066,inv_X
PD47703b_lo0068,del_3
PD47703b_lo0069,del_3
PD47703b_lo0071,del_3
PD47703b_lo0073,del_14
PD47703b_lo0083,del_16
PD47703b_lo0086,trans_9_13
PD47703b_lo0087,inv_12
PD47703b_lo0087,del_4
PD47703b_lo0089,del_6
PD47703b_lo0097,inv_13
PD47703b_lo0097,del_2
PD47703b_lo0108,del_3
PD47703b_lo0112,inv_4
PD47703b_lo0114,inv_13
PD47703b_lo0114,del_2
PD47703b_lo0117,inv_12
PD47703b_lo0117,del_4
PD47703b_lo0119,del_3
PD47703b_lo0130,del_10
PD47703b_lo0133,trans_1_22
PD47703b_lo0138,del_16
PD47703b_lo0139,del_16
PD47703b_lo0151,inv_8
PD47703b_lo0161,del_19
PD47703b_lo0161,del_13
PD47703b_lo0161,del_13
PD47703b_lo0166,del_3
PD47703b_lo0167,inv_12
PD47703b_lo0167,del_4
PD47703b_lo0171,del_3
PD47703b_lo0184,del_1
PD47703b_lo0204,del_3
PD47703b_lo0217,inv_12
PD47703b_lo0217,del_4
PD47703b_lo0227,del_3
PD47703b_lo0241,del_4
PD47703b_lo0243,inv_12
PD47738b_lo0069,del_4
PD47738b_lo0129,dup_10
PD47738b_lo0153,del_21
PD47738b_lo0162,del_19
PD47738b_lo0165,del_6
PD47738b_lo0225,del_6
PD47738b_lo0227,del_12
PD47738b_lo0233,del_4
PD47738b_lo0301,inv_13
PD47738b_lo0329,del_5
PD47738b_lo0372,del_5
PD48402b_lo0007,del_11
PD48402b_lo0008,del_11
PD48402b_lo0023,del_20
PD48402b_lo0039,del_11
PD48402b_lo0046,del_20
PD48402b_lo0056,del_20
PD48402b_lo0096,del_11
PD48402b_lo0104,del_11
PD48402b_lo0107,del_11
PD48402b_lo0133,del_7
PD48402b_lo0206,del_20
PD48402b_lo0231,dup_7
PD48402b_lo0233,del_11
PD48402b_lo0246,del_20
PD48402b_lo0249,del_11
PD48402b_lo0250,del_11
PD48402b_lo0259,del_2
PD48402b_lo0269,del_5
PD48402b_lo0275,del_20
PD48402b_lo0292,del_11
PD48402b_lo0312,del_11
PD48402b_lo0329,del_11
PD48402b_lo0346,del_6
PD48402b_lo0349,del_11
PD48402b_lo0382,del_11
PD48402b_lo0404,del_20
PD48402b_lo0404,del_13
PD48402b_lo0416,del_20
PD48402b_lo0421,del_20
PD48402b_lo0436,del_11
PD48544b_lo0032,del_11
PD48544b_lo0059,trans_1_6